<?xml version="1.0" encoding="UTF-8"?>
<root>
  <item name="com.google.android.exoplayer2.source.dash.DashMediaPeriod.TrackGroupInfo TrackGroupInfo(int, int, int[], int, int, int, int) 1">
    <annotation name="androidx.annotation.IntDef">
      <val name="value" val="{com.google.android.exoplayer2.source.dash.DashMediaPeriod.TrackGroupInfo.CATEGORY_PRIMARY, com.google.android.exoplayer2.source.dash.DashMediaPeriod.TrackGroupInfo.CATEGORY_EMBEDDED, com.google.android.exoplayer2.source.dash.DashMediaPeriod.TrackGroupInfo.CATEGORY_MANIFEST_EVENTS}" />
    </annotation>
  </item>
  <item name="com.google.android.exoplayer2.source.dash.DashMediaPeriod.TrackGroupInfo trackGroupCategory">
    <annotation name="androidx.annotation.IntDef">
      <val name="value" val="{com.google.android.exoplayer2.source.dash.DashMediaPeriod.TrackGroupInfo.CATEGORY_PRIMARY, com.google.android.exoplayer2.source.dash.DashMediaPeriod.TrackGroupInfo.CATEGORY_EMBEDDED, com.google.android.exoplayer2.source.dash.DashMediaPeriod.TrackGroupInfo.CATEGORY_MANIFEST_EVENTS}" />
    </annotation>
  </item>
  <item name="com.google.android.exoplayer2.source.dash.DashMediaPeriod.TrackGroupInfo.TrackGroupCategory">
    <annotation name="androidx.annotation.IntDef">
      <val name="value" val="{com.google.android.exoplayer2.source.dash.DashMediaPeriod.TrackGroupInfo.CATEGORY_PRIMARY, com.google.android.exoplayer2.source.dash.DashMediaPeriod.TrackGroupInfo.CATEGORY_EMBEDDED, com.google.android.exoplayer2.source.dash.DashMediaPeriod.TrackGroupInfo.CATEGORY_MANIFEST_EVENTS}" />
    </annotation>
  </item>
</root>

