<?xml version="1.0" encoding="UTF-8"?>
<root>
  <item name="com.google.android.exoplayer2.trackselection.DefaultTrackSelector.Parameters Parameters(int, int, int, int, boolean, boolean, boolean, int, int, boolean, java.lang.String, int, int, boolean, boolean, boolean, java.lang.String, boolean, int, boolean, boolean, boolean, int, android.util.SparseArray&lt;java.util.Map&lt;com.google.android.exoplayer2.source.TrackGroupArray,com.google.android.exoplayer2.trackselection.DefaultTrackSelector.SelectionOverride&gt;&gt;, android.util.SparseBooleanArray) 18">
    <annotation name="androidx.annotation.IntDef">
      <val name="flag" val="true" />
      <val name="value" val="{com.google.android.exoplayer2.C.SELECTION_FLAG_DEFAULT, com.google.android.exoplayer2.C.SELECTION_FLAG_FORCED, com.google.android.exoplayer2.C.SELECTION_FLAG_AUTOSELECT}" />
    </annotation>
  </item>
  <item name="com.google.android.exoplayer2.trackselection.DefaultTrackSelector.ParametersBuilder com.google.android.exoplayer2.trackselection.DefaultTrackSelector.ParametersBuilder setDisabledTextTrackSelectionFlags(int) 0">
    <annotation name="androidx.annotation.IntDef">
      <val name="flag" val="true" />
      <val name="value" val="{com.google.android.exoplayer2.C.SELECTION_FLAG_DEFAULT, com.google.android.exoplayer2.C.SELECTION_FLAG_FORCED, com.google.android.exoplayer2.C.SELECTION_FLAG_AUTOSELECT}" />
    </annotation>
  </item>
  <item name="com.google.android.exoplayer2.trackselection.MappingTrackSelector.MappedTrackInfo int getRendererSupport(int)">
    <annotation name="androidx.annotation.IntDef">
      <val name="value" val="{com.google.android.exoplayer2.trackselection.MappingTrackSelector.MappedTrackInfo.RENDERER_SUPPORT_NO_TRACKS, com.google.android.exoplayer2.trackselection.MappingTrackSelector.MappedTrackInfo.RENDERER_SUPPORT_UNSUPPORTED_TRACKS, com.google.android.exoplayer2.trackselection.MappingTrackSelector.MappedTrackInfo.RENDERER_SUPPORT_EXCEEDS_CAPABILITIES_TRACKS, com.google.android.exoplayer2.trackselection.MappingTrackSelector.MappedTrackInfo.RENDERER_SUPPORT_PLAYABLE_TRACKS}" />
    </annotation>
  </item>
  <item name="com.google.android.exoplayer2.trackselection.MappingTrackSelector.MappedTrackInfo int getTrackTypeRendererSupport(int)">
    <annotation name="androidx.annotation.IntDef">
      <val name="value" val="{com.google.android.exoplayer2.trackselection.MappingTrackSelector.MappedTrackInfo.RENDERER_SUPPORT_NO_TRACKS, com.google.android.exoplayer2.trackselection.MappingTrackSelector.MappedTrackInfo.RENDERER_SUPPORT_UNSUPPORTED_TRACKS, com.google.android.exoplayer2.trackselection.MappingTrackSelector.MappedTrackInfo.RENDERER_SUPPORT_EXCEEDS_CAPABILITIES_TRACKS, com.google.android.exoplayer2.trackselection.MappingTrackSelector.MappedTrackInfo.RENDERER_SUPPORT_PLAYABLE_TRACKS}" />
    </annotation>
  </item>
  <item name="com.google.android.exoplayer2.trackselection.MappingTrackSelector.MappedTrackInfo int getTypeSupport(int)">
    <annotation name="androidx.annotation.IntDef">
      <val name="value" val="{com.google.android.exoplayer2.trackselection.MappingTrackSelector.MappedTrackInfo.RENDERER_SUPPORT_NO_TRACKS, com.google.android.exoplayer2.trackselection.MappingTrackSelector.MappedTrackInfo.RENDERER_SUPPORT_UNSUPPORTED_TRACKS, com.google.android.exoplayer2.trackselection.MappingTrackSelector.MappedTrackInfo.RENDERER_SUPPORT_EXCEEDS_CAPABILITIES_TRACKS, com.google.android.exoplayer2.trackselection.MappingTrackSelector.MappedTrackInfo.RENDERER_SUPPORT_PLAYABLE_TRACKS}" />
    </annotation>
  </item>
  <item name="com.google.android.exoplayer2.trackselection.TrackSelectionParameters TrackSelectionParameters(java.lang.String, java.lang.String, boolean, int) 3">
    <annotation name="androidx.annotation.IntDef">
      <val name="flag" val="true" />
      <val name="value" val="{com.google.android.exoplayer2.C.SELECTION_FLAG_DEFAULT, com.google.android.exoplayer2.C.SELECTION_FLAG_FORCED, com.google.android.exoplayer2.C.SELECTION_FLAG_AUTOSELECT}" />
    </annotation>
  </item>
  <item name="com.google.android.exoplayer2.trackselection.TrackSelectionParameters disabledTextTrackSelectionFlags">
    <annotation name="androidx.annotation.IntDef">
      <val name="flag" val="true" />
      <val name="value" val="{com.google.android.exoplayer2.C.SELECTION_FLAG_DEFAULT, com.google.android.exoplayer2.C.SELECTION_FLAG_FORCED, com.google.android.exoplayer2.C.SELECTION_FLAG_AUTOSELECT}" />
    </annotation>
  </item>
  <item name="com.google.android.exoplayer2.trackselection.TrackSelectionParameters.Builder com.google.android.exoplayer2.trackselection.TrackSelectionParameters.Builder setDisabledTextTrackSelectionFlags(int) 0">
    <annotation name="androidx.annotation.IntDef">
      <val name="flag" val="true" />
      <val name="value" val="{com.google.android.exoplayer2.C.SELECTION_FLAG_DEFAULT, com.google.android.exoplayer2.C.SELECTION_FLAG_FORCED, com.google.android.exoplayer2.C.SELECTION_FLAG_AUTOSELECT}" />
    </annotation>
  </item>
  <item name="com.google.android.exoplayer2.trackselection.TrackSelectionParameters.Builder disabledTextTrackSelectionFlags">
    <annotation name="androidx.annotation.IntDef">
      <val name="flag" val="true" />
      <val name="value" val="{com.google.android.exoplayer2.C.SELECTION_FLAG_DEFAULT, com.google.android.exoplayer2.C.SELECTION_FLAG_FORCED, com.google.android.exoplayer2.C.SELECTION_FLAG_AUTOSELECT}" />
    </annotation>
  </item>
</root>

