<?xml version="1.0" encoding="UTF-8"?>
<root>
  <item name="com.google.android.exoplayer2.source.hls.playlist.HlsMediaPlaylist HlsMediaPlaylist(int, java.lang.String, java.util.List&lt;java.lang.String&gt;, long, long, boolean, int, long, int, long, boolean, boolean, boolean, com.google.android.exoplayer2.drm.DrmInitData, java.util.List&lt;com.google.android.exoplayer2.source.hls.playlist.HlsMediaPlaylist.Segment&gt;) 0">
    <annotation name="androidx.annotation.IntDef">
      <val name="value" val="{com.google.android.exoplayer2.source.hls.playlist.HlsMediaPlaylist.PLAYLIST_TYPE_UNKNOWN, com.google.android.exoplayer2.source.hls.playlist.HlsMediaPlaylist.PLAYLIST_TYPE_VOD, com.google.android.exoplayer2.source.hls.playlist.HlsMediaPlaylist.PLAYLIST_TYPE_EVENT}" />
    </annotation>
  </item>
  <item name="com.google.android.exoplayer2.source.hls.playlist.HlsMediaPlaylist playlistType">
    <annotation name="androidx.annotation.IntDef">
      <val name="value" val="{com.google.android.exoplayer2.source.hls.playlist.HlsMediaPlaylist.PLAYLIST_TYPE_UNKNOWN, com.google.android.exoplayer2.source.hls.playlist.HlsMediaPlaylist.PLAYLIST_TYPE_VOD, com.google.android.exoplayer2.source.hls.playlist.HlsMediaPlaylist.PLAYLIST_TYPE_EVENT}" />
    </annotation>
  </item>
  <item name="com.google.android.exoplayer2.source.hls.playlist.HlsMediaPlaylist.PlaylistType">
    <annotation name="androidx.annotation.IntDef">
      <val name="value" val="{com.google.android.exoplayer2.source.hls.playlist.HlsMediaPlaylist.PLAYLIST_TYPE_UNKNOWN, com.google.android.exoplayer2.source.hls.playlist.HlsMediaPlaylist.PLAYLIST_TYPE_VOD, com.google.android.exoplayer2.source.hls.playlist.HlsMediaPlaylist.PLAYLIST_TYPE_EVENT}" />
    </annotation>
  </item>
  <item name="com.google.android.exoplayer2.source.hls.playlist.HlsPlaylistParser int parseRoleFlags(java.lang.String, java.util.Map&lt;java.lang.String,java.lang.String&gt;)">
    <annotation name="androidx.annotation.IntDef">
      <val name="flag" val="true" />
      <val name="value" val="{com.google.android.exoplayer2.C.ROLE_FLAG_MAIN, com.google.android.exoplayer2.C.ROLE_FLAG_ALTERNATE, com.google.android.exoplayer2.C.ROLE_FLAG_SUPPLEMENTARY, com.google.android.exoplayer2.C.ROLE_FLAG_COMMENTARY, com.google.android.exoplayer2.C.ROLE_FLAG_DUB, com.google.android.exoplayer2.C.ROLE_FLAG_EMERGENCY, com.google.android.exoplayer2.C.ROLE_FLAG_CAPTION, com.google.android.exoplayer2.C.ROLE_FLAG_SUBTITLE, com.google.android.exoplayer2.C.ROLE_FLAG_SIGN, com.google.android.exoplayer2.C.ROLE_FLAG_DESCRIBES_VIDEO, com.google.android.exoplayer2.C.ROLE_FLAG_DESCRIBES_MUSIC_AND_SOUND, com.google.android.exoplayer2.C.ROLE_FLAG_ENHANCED_DIALOG_INTELLIGIBILITY, com.google.android.exoplayer2.C.ROLE_FLAG_TRANSCRIBES_DIALOG, com.google.android.exoplayer2.C.ROLE_FLAG_EASY_TO_READ}" />
    </annotation>
  </item>
  <item name="com.google.android.exoplayer2.source.hls.playlist.HlsPlaylistParser int parseSelectionFlags(java.lang.String)">
    <annotation name="androidx.annotation.IntDef">
      <val name="flag" val="true" />
      <val name="value" val="{com.google.android.exoplayer2.C.SELECTION_FLAG_DEFAULT, com.google.android.exoplayer2.C.SELECTION_FLAG_FORCED, com.google.android.exoplayer2.C.SELECTION_FLAG_AUTOSELECT}" />
    </annotation>
  </item>
</root>

